{"cameraMode":{"drawMode":0,"name":"Shaded","section":"Shading Mode"},"sceneLighting":false,"audioPlay":false,"sceneViewState":{"m_AlwaysRefresh":false,"showFog":true,"showSkybox":false,"showFlares":true,"showImageEffects":true,"showParticleSystems":true,"showVisualEffectGraphs":true,"m_FxEnabled":true},"in2DMode":false,"pivot":{"x":-0.06164734810590744,"y":-0.07756075263023377,"z":-0.010305047035217286},"rotation":{"x":-0.06024482101202011,"y":0.030536936596035959,"z":-0.0018439502455294133,"w":-0.997714638710022},"size":0.8660253882408142,"orthographic":false}